col_A,col_B,col_C,col_D,col_E,col_F,col_G,col_H,col_I,col_J
90,Name_90,56,user_90@example.com,"90 Main St, G 455",+1-1238593454,Data_17498,Data_17889,Data_13779,Data_90955
21,Name_21,53,user_21@example.com,"21 Main St, I 7544",+1-5113675314,Data_12752,Data_64396,Data_9098,Data_80405
34,Name_34,25,user_34@example.com,"34 Main St, Z 1643",+1-7826939340,Data_76561,Data_10129,Data_29882,Data_60781
29,Name_29,29,user_29@example.com,"29 Main St, F 7138",+1-8883048089,Data_29913,Data_63511,Data_99868,Data_27661
97,Name_97,72,user_97@example.com,"97 Main St, P 8745",+1-3511131702,Data_63173,Data_74038,Data_33983,Data_29943
77,Name_77,32,user_77@example.com,"77 Main St, J 8751",+1-2594333055,Data_27854,Data_55348,Data_51751,Data_67705
24,Name_24,46,user_24@example.com,"24 Main St, A 1819",+1-8806077428,Data_47977,Data_42718,Data_16346,Data_47262
57,Name_57,19,user_57@example.com,"57 Main St, M 6874",+1-2395760065,Data_46316,Data_241,Data_95378,Data_394
93,Name_93,64,user_93@example.com,"93 Main St, I 8219",+1-6228908011,Data_47936,Data_6191,Data_80371,Data_34018
88,Name_88,52,user_88@example.com,"88 Main St, B 5912",+1-8455915443,Data_79731,Data_95843,Data_19927,Data_15633
41,Name_41,70,user_41@example.com,"41 Main St, M 5596",+1-6228107341,Data_25025,Data_90429,Data_97776,Data_95684
4,Name_4,32,user_4@example.com,"4 Main St, N 5460",+1-2370304469,Data_17939,Data_83459,Data_41572,Data_74379
45,Name_45,18,user_45@example.com,"45 Main St, Q 3209",+1-4697044700,Data_96613,Data_35781,Data_6015,Data_4714
65,Name_65,27,user_65@example.com,"65 Main St, K 5856",+1-5120389335,Data_82325,Data_70552,Data_61580,Data_29138
47,Name_47,33,user_47@example.com,"47 Main St, U 8081",+1-5042111760,Data_99062,Data_79013,Data_4116,Data_27870
35,Name_35,44,user_35@example.com,"35 Main St, H 2034",+1-3741963667,Data_70357,Data_35066,Data_61172,Data_96746
18,Name_18,31,user_18@example.com,"18 Main St, R 6830",+1-6810207572,Data_25255,Data_54930,Data_32481,Data_36809
94,Name_94,43,user_94@example.com,"94 Main St, O 9397",+1-9714621900,Data_46677,Data_36057,Data_77983,Data_90510
81,Name_81,76,user_81@example.com,"81 Main St, X 3824",+1-1363994100,Data_57854,Data_40569,Data_59128,Data_78153
31,Name_31,71,user_31@example.com,"31 Main St, C 8043",+1-9548382454,Data_87640,Data_4676,Data_73387,Data_99080
74,Name_74,47,user_74@example.com,"74 Main St, P 3608",+1-2598463175,Data_26090,Data_32129,Data_11940,Data_80478
89,Name_89,22,user_89@example.com,"89 Main St, F 9876",+1-5992344696,Data_48818,Data_63683,Data_27578,Data_13213
95,Name_95,29,user_95@example.com,"95 Main St, G 9112",+1-8727557314,Data_55762,Data_51141,Data_95767,Data_37605
67,Name_67,49,user_67@example.com,"67 Main St, R 1282",+1-9200529454,Data_61916,Data_59262,Data_22506,Data_59772
7,Name_7,77,user_7@example.com,"7 Main St, N 9792",+1-9235143866,Data_27317,Data_40148,Data_32355,Data_1539
44,Name_44,53,user_44@example.com,"44 Main St, F 8524",+1-7424321910,Data_6834,Data_84391,Data_67818,Data_49239
43,Name_43,36,user_43@example.com,"43 Main St, M 1174",+1-5287551029,Data_87373,Data_74277,Data_51789,Data_2544
69,Name_69,73,user_69@example.com,"69 Main St, A 5447",+1-3885877694,Data_50176,Data_17147,Data_22596,Data_25531
23,Name_23,47,user_23@example.com,"23 Main St, R 1264",+1-2286700169,Data_25880,Data_82713,Data_32114,Data_42853
72,Name_72,64,user_72@example.com,"72 Main St, I 8187",+1-5421248237,Data_77605,Data_84664,Data_29305,Data_26752
55,Name_55,23,user_55@example.com,"55 Main St, W 5306",+1-5672288897,Data_62159,Data_51288,Data_52974,Data_76613
49,Name_49,18,user_49@example.com,"49 Main St, F 5373",+1-6955156770,Data_63391,Data_68804,Data_44509,Data_55330
92,Name_92,44,user_92@example.com,"92 Main St, E 9342",+1-4484673687,Data_55611,Data_56671,Data_60490,Data_85080
12,Name_12,46,user_12@example.com,"12 Main St, F 6909",+1-2644736291,Data_67047,Data_30395,Data_63329,Data_17684
19,Name_19,57,user_19@example.com,"19 Main St, D 7247",+1-8779933444,Data_25487,Data_97132,Data_55181,Data_68998
91,Name_91,56,user_91@example.com,"91 Main St, Q 9284",+1-1034284289,Data_77175,Data_97704,Data_71829,Data_91969
42,Name_42,77,user_42@example.com,"42 Main St, S 6821",+1-3126888903,Data_72524,Data_8900,Data_50668,Data_61174
28,Name_28,42,user_28@example.com,"28 Main St, E 7268",+1-3482824225,Data_98782,Data_10084,Data_19672,Data_7169
1,Name_1,22,user_1@example.com,"1 Main St, T 2258",+1-6167650907,Data_88884,Data_54169,Data_86059,Data_22645
99,Name_99,80,user_99@example.com,"99 Main St, X 6309",+1-4061461268,Data_94118,Data_74282,Data_81103,Data_8212
2,Name_2,70,user_2@example.com,"2 Main St, Z 8078",+1-9423372733,Data_50631,Data_62229,Data_44240,Data_72592
61,Name_61,29,user_61@example.com,"61 Main St, A 443",+1-8062131897,Data_79301,Data_94244,Data_49444,Data_32145
64,Name_64,76,user_64@example.com,"64 Main St, K 3548",+1-2124255132,Data_56507,Data_3025,Data_42609,Data_27575
14,Name_14,75,user_14@example.com,"14 Main St, D 5530",+1-5074420481,Data_41144,Data_42406,Data_52419,Data_48512
66,Name_66,20,user_66@example.com,"66 Main St, O 4910",+1-8662348166,Data_32677,Data_43225,Data_20750,Data_84201
50,Name_50,46,user_50@example.com,"50 Main St, L 6677",+1-6920090960,Data_21554,Data_19808,Data_2064,Data_58304
10,Name_10,35,user_10@example.com,"10 Main St, Z 9153",+1-5057878010,Data_12856,Data_19455,Data_79359,Data_57212
27,Name_27,61,user_27@example.com,"27 Main St, G 2754",+1-1065512069,Data_21094,Data_18331,Data_46288,Data_51529
70,Name_70,25,user_70@example.com,"70 Main St, C 8404",+1-4316788647,Data_84519,Data_84532,Data_35993,Data_53589
78,Name_78,58,user_78@example.com,"78 Main St, R 9290",+1-2724333444,Data_34476,Data_39034,Data_35330,Data_46729
84,Name_84,71,user_84@example.com,"84 Main St, B 7517",+1-7104400726,Data_65677,Data_29065,Data_63701,Data_20590
75,Name_75,37,user_75@example.com,"75 Main St, Q 1449",+1-8263554332,Data_20742,Data_75107,Data_36507,Data_2988
11,Name_11,68,user_11@example.com,"11 Main St, D 3207",+1-2793363913,Data_79717,Data_16886,Data_16466,Data_80782
98,Name_98,74,user_98@example.com,"98 Main St, Z 8506",+1-8559632855,Data_91981,Data_53051,Data_62510,Data_80164
58,Name_58,77,user_58@example.com,"58 Main St, G 8747",+1-3343321029,Data_289,Data_54282,Data_18507,Data_63001
73,Name_73,41,user_73@example.com,"73 Main St, X 2149",+1-2143981640,Data_11374,Data_40705,Data_66995,Data_36575
59,Name_59,32,user_59@example.com,"59 Main St, X 9869",+1-7105883582,Data_28519,Data_21705,Data_53269,Data_13960
76,Name_76,33,user_76@example.com,"76 Main St, X 262",+1-6176884616,Data_45813,Data_18192,Data_32284,Data_56199
26,Name_26,37,user_26@example.com,"26 Main St, V 7640",+1-5276501581,Data_34902,Data_39865,Data_42885,Data_50698
60,Name_60,44,user_60@example.com,"60 Main St, B 309",+1-7989900010,Data_96622,Data_47244,Data_67976,Data_66485
15,Name_15,76,user_15@example.com,"15 Main St, S 6535",+1-1949552777,Data_72091,Data_33172,Data_38735,Data_56924
5,Name_5,78,user_5@example.com,"5 Main St, O 9978",+1-1520403379,Data_46077,Data_50695,Data_29074,Data_83383
46,Name_46,73,user_46@example.com,"46 Main St, B 2965",+1-6680139791,Data_96991,Data_58189,Data_93764,Data_3356
79,Name_79,47,user_79@example.com,"79 Main St, W 1664",+1-8603869368,Data_70971,Data_95364,Data_67113,Data_33768
3,Name_3,18,user_3@example.com,"3 Main St, Q 561",+1-9704128524,Data_92766,Data_28182,Data_88277,Data_52415
32,Name_32,54,user_32@example.com,"32 Main St, B 2290",+1-6979870710,Data_4924,Data_57312,Data_60434,Data_20042
63,Name_63,73,user_63@example.com,"63 Main St, V 5539",+1-1737705116,Data_18501,Data_96459,Data_77916,Data_10238
8,Name_8,43,user_8@example.com,"8 Main St, Q 5483",+1-1456814798,Data_12247,Data_38802,Data_10242,Data_485
62,Name_62,21,user_62@example.com,"62 Main St, D 6160",+1-3368185767,Data_41915,Data_1414,Data_55139,Data_57337
6,Name_6,39,user_6@example.com,"6 Main St, C 8678",+1-9519707038,Data_23700,Data_10215,Data_10115,Data_63346
13,Name_13,75,user_13@example.com,"13 Main St, G 1496",+1-7549224537,Data_9318,Data_46848,Data_34877,Data_62397
20,Name_20,32,user_20@example.com,"20 Main St, A 1424",+1-8003695444,Data_59387,Data_44725,Data_32924,Data_84247
87,Name_87,21,user_87@example.com,"87 Main St, G 9798",+1-9765332828,Data_26814,Data_27447,Data_54116,Data_35310
85,Name_85,64,user_85@example.com,"85 Main St, F 837",+1-8384799129,Data_72880,Data_2866,Data_13727,Data_10604
80,Name_80,75,user_80@example.com,"80 Main St, D 8975",+1-4814552843,Data_66015,Data_89037,Data_10542,Data_95254
33,Name_33,46,user_33@example.com,"33 Main St, Z 1543",+1-3772318285,Data_5983,Data_74765,Data_75622,Data_78507
52,Name_52,50,user_52@example.com,"52 Main St, V 7833",+1-5915697272,Data_2145,Data_91248,Data_66747,Data_11900
100,Name_100,69,user_100@example.com,"100 Main St, T 7134",+1-8481459104,Data_36532,Data_16331,Data_30787,Data_91192
37,Name_37,47,user_37@example.com,"37 Main St, L 9507",+1-8844774028,Data_33800,Data_93693,Data_83740,Data_63871
38,Name_38,43,user_38@example.com,"38 Main St, R 5403",+1-8354739034,Data_10493,Data_373,Data_23757,Data_99322
39,Name_39,46,user_39@example.com,"39 Main St, N 9688",+1-2560426266,Data_80471,Data_51628,Data_57373,Data_66910
56,Name_56,45,user_56@example.com,"56 Main St, U 4511",+1-7170499093,Data_2518,Data_94997,Data_82892,Data_25392
71,Name_71,36,user_71@example.com,"71 Main St, J 7345",+1-1997967123,Data_65817,Data_13786,Data_49998,Data_84520
36,Name_36,63,user_36@example.com,"36 Main St, T 2822",+1-6627418874,Data_69403,Data_58835,Data_57429,Data_57853
9,Name_9,74,user_9@example.com,"9 Main St, Q 9275",+1-8116664068,Data_12349,Data_83885,Data_41329,Data_34133
40,Name_40,78,user_40@example.com,"40 Main St, R 6915",+1-1581441751,Data_45631,Data_5595,Data_78174,Data_45598
54,Name_54,35,user_54@example.com,"54 Main St, T 3940",+1-9559645178,Data_40181,Data_62816,Data_22069,Data_80241
48,Name_48,70,user_48@example.com,"48 Main St, E 8330",+1-4919870538,Data_20395,Data_86194,Data_3895,Data_85013
83,Name_83,79,user_83@example.com,"83 Main St, M 2358",+1-6820695870,Data_18232,Data_93313,Data_38534,Data_47390
96,Name_96,59,user_96@example.com,"96 Main St, M 3275",+1-3646183838,Data_26857,Data_54735,Data_32578,Data_71019
30,Name_30,67,user_30@example.com,"30 Main St, J 7530",+1-7435813196,Data_21404,Data_74575,Data_82104,Data_51349
68,Name_68,77,user_68@example.com,"68 Main St, S 3079",+1-9844139082,Data_43911,Data_60993,Data_20883,Data_85609
82,Name_82,58,user_82@example.com,"82 Main St, Z 6678",+1-2532731790,Data_45359,Data_26745,Data_35503,Data_30961
16,Name_16,70,user_16@example.com,"16 Main St, Z 6101",+1-7242613292,Data_46319,Data_8582,Data_71238,Data_53352
51,Name_51,68,user_51@example.com,"51 Main St, A 4621",+1-1198302837,Data_57170,Data_6714,Data_14584,Data_69718
25,Name_25,70,user_25@example.com,"25 Main St, B 9342",+1-6759645172,Data_36504,Data_48314,Data_33094,Data_94067
53,Name_53,42,user_53@example.com,"53 Main St, S 5598",+1-8980550983,Data_21313,Data_99554,Data_85372,Data_67320
17,Name_17,69,user_17@example.com,"17 Main St, G 4703",+1-1083849934,Data_65681,Data_23405,Data_1170,Data_98457
86,Name_86,76,user_86@example.com,"86 Main St, B 7461",+1-3589198978,Data_31213,Data_39904,Data_35881,Data_61161
22,Name_22,23,user_22@example.com,"22 Main St, A 6452",+1-2895337342,Data_37687,Data_79218,Data_88880,Data_80825
